id,gene_symbol,gene_fullname,variant,affected_nutrient,threshold,description,interaction_type,variant_effect,impact,action,direction
VID001,HFE,Homeostatic Iron Regulator,rs1800562,N001,45,Iron absorption and overload regulation,Regulation,Strong risk of iron overload,Strong,Decrease iron intake,decrease
VID002,HFE,Homeostatic Iron Regulator,rs1799945,N001,45,Iron absorption and overload regulation,Regulation,Moderate risk of iron overload,Medium,Decrease iron intake,decrease
VID003,HFE,Homeostatic Iron Regulator,rs1800730,N001,45,Iron absorption and overload regulation,Regulation,Mild risk of iron overload,Low,Monitor iron levels,monitor
VID004,TF,Transferrin,rs3811647,N001,45,Iron transport protein,Transport,Reduced iron transport efficiency,Medium,Maintain iron intake,maintain
VID005,TFRC,Transferrin Receptor,rs9846149,N001,45,Iron cellular uptake,Uptake,Altered iron uptake efficiency,Medium,Maintain iron intake,maintain
VID006,TMPRSS6,Matriptase-2,rs855791,N001,45,Hepcidin regulation,Regulation,Reduced iron absorption regulation,Medium,Increase iron monitoring,monitor
VID007,VDR,Vitamin D Receptor,rs2228570,N011 N002,45,Vitamin D signaling and calcium absorption,Signaling,Reduced vitamin D receptor signaling,Medium,Increase Vitamin D,increase
VID008,VDR,Vitamin D Receptor,rs1544410,N011 N002,45,Vitamin D signaling and calcium absorption,Signaling,Associated with lower bone density,Medium,Increase Calcium/Vit D,increase
VID009,CYP2R1,Vitamin D 25-Hydroxylase,rs10741657,N011,45,Vitamin D metabolism,Metabolism,Reduced vitamin D activation,Medium,Increase Vitamin D,increase
VID010,GC,Vitamin D Binding Protein,rs4588,N011,45,Vitamin D transport,Transport,Reduced vitamin D transport efficiency,Medium,Increase Vitamin D,increase
VID011,TRPM6,Transient Receptor Melastatin 6,rs3750425,N003,45,Intestinal magnesium uptake,Absorption,Reduced intestinal magnesium uptake,Medium,Increase Magnesium,increase
VID012,SLC30A8,Zinc Transporter 8,rs13266634,N004,45,Pancreatic zinc transport,Transport,Altered zinc transport in pancreas,Medium,Increase Zinc,increase
VID013,ACE,Angiotensin Converting Enzyme,rs4646994,N006 N005,45,Blood pressure regulation,Regulation,Increased blood pressure/salt sensitivity,Medium,Decrease Sodium intake,decrease
VID014,GPX1,Glutathione Peroxidase 1,rs1050450,N008,45,Antioxidant enzyme,Function,Reduced antioxidant enzyme activity,Medium,Increase Selenium intake,increase
VID015,DIO2,Deiodinase Type 2,rs225014,N010,45,Thyroid hormone activation,Metabolism,Reduced thyroid hormone conversion efficiency,Medium,Increase Iodine support,increase
VID016,MTHFR,Methylenetetrahydrofolate Reductase,rs1801133,N013 N012,45,Homocysteine metabolism,Metabolism,Reduced folate metabolism/High homocysteine,Strong,Increase Methylfolate,increase
VID017,MTHFR,Methylenetetrahydrofolate Reductase,rs1801131,N013 N012,45,Homocysteine metabolism,Metabolism,Moderately impaired BH4/folate cycle,Medium,Increase Folate,increase
VID018,MTR,Methionine Synthase,rs1805087,N012 N013,45,Methylation cycle,Recycling,Altered B12 utilization,Medium,Increase B12/Folate,increase
VID019,MTRR,Methionine Synthase Reductase,rs1801394,N012,45,Folate recycling,Recycling,Reduced B12 recycling efficiency,Medium,Increase B12,increase
VID020,TCN2,Transcobalamin II,rs1801198,N012,45,Vitamin B12 transport,Transport,Reduced B12 transport to cells,Medium,Increase B12,increase
VID021,FUT2,Fucosyltransferase 2,rs601338,N012,45,Vitamin B12 absorption modulation,Absorption,Non-secretor Lower B12 absorption,Medium,Increase Vitamin B12,increase
VID022,BCMO1,Beta-Carotene Oxygenase 1,rs7501331,N014,45,Conversion of beta-carotene to retinol,Conversion,Reduced Beta-Carotene conversion to Vitamin A,Medium,Use preformed Vitamin A,increase
VID023,BCMO1,Beta-Carotene Oxygenase 1,rs12934922,N014,45,Conversion of beta-carotene to retinol,Conversion,Impaired provitamin A conversion,Medium,Use preformed Vitamin A,increase
VID024,SLC23A1,Vitamin C Transporter 1,rs33972313,N015,45,Ascorbic acid uptake,Absorption,Reduced Vitamin C transport,Medium,Increase Vitamin C,increase
VID025,CYP4F2,Cytochrome P450 Family 4,rs2108622,N017,45,Vitamin E and K metabolism,Metabolism,Altered Vitamin K catabolism,Medium,Monitor Vitamin K,monitor
VID026,VKORC1,Vitamin K Epoxide Reductase,rs9923231,N017,45,Vitamin K recycling,Recycling,High sensitivity to Vitamin K/Warfarin,Strong,Monitor Vitamin K,monitor
VID027,SLC19A2,Thiamine Transporter 1,rs6656822,N019,45,Primary intestinal thiamine transporter,Transport,Reduced thiamine transport efficiency,Medium,Increase Vitamin B1,increase
VID028,SLC52A3,Riboflavin Transporter 3,rs13042395,N020,45,Major intestinal riboflavin absorption,Transport,Reduced riboflavin absorption,Medium,Increase Vitamin B2,increase
VID029,APOB,Apolipoprotein B,rs676210,N024 N025,45,LDL structure,Transport,Higher LDL cholesterol levels,Medium,Decrease Saturated Fat,decrease
VID030,LDLR,LDL Receptor,rs688,N024 N025,45,LDL clearance,Uptake,Reduced LDL clearance from blood,Medium,Decrease Cholesterol,decrease
VID031,UGT1A1,UDP Glucuronosyltransferase,rs8175347,N030,45,Detoxification enzyme,General,Gilbert Syndrome Reduced bilirubin clearance,Medium,Monitor detoxification,monitor
VID032,MTOR,Mechanistic Target of Rapamycin,rs2295080,N027,45,Protein synthesis signaling,General,Increased MTOR activation,Medium,Moderate Protein intake,moderate
VID033,FTO,Fat Mass and Obesity,rs9939609,N028 N029 N025,45,Satiety and fat storage,Metabolic,Increased risk of obesity overeating,Strong,Increase Fiber Control Carbs,decrease
VID034,MC4R,Melanocortin 4 Receptor,rs17782313,N028 N030,45,Appetite regulation,Metabolic,Predisposition to snacking hunger,Medium,Manage Glycemic Load,decrease
VID035,AMY1,Salivary Amylase 1,rs11185098,N028 N030,45,Starch digestion efficiency,Metabolism,Poor tolerance for refined starch,Medium,Reduce Complex Carbs,decrease
VID036,FADS1,Fatty Acid Desaturase 1,rs174537,N026 N033,45,Omega-3 and PUFA conversion,Metabolism,Reduced conversion of ALA to EPA DHA,Medium,Increase Omega-3 EPA DHA,increase
VID037,CD36,Fatty Acid Transceptor,rs1761667,N032 N025,45,Fat taste perception and absorption,Transport,Higher preference absorption of fats,Medium,Monitor MUFA Saturated Fat,monitor
VID038,TCF7L2,Transcription Factor 7 Like 2,rs7903146,N030 N034,45,Insulin secretion and fiber response,Metabolic,Increased sensitivity to refined carbs,Strong,Increase Soluble Fiber,increase
VID039,SLC34A1,Sodium Phosphate Cotransporter,rs4074995,N007,45,Renal phosphate regulation,Transport,Altered phosphorus reabsorption,Medium,Monitor phosphorus,monitor
VID040,ATP7B,Copper Transporting ATPase Beta,rs732774,N009,45,Copper transport and excretion,Transport,Altered copper metabolism,Medium,Monitor copper intake,monitor
VID041,TTPA,Tocopherol Transfer Protein,rs6994076,N016,45,Vitamin E transport,Transport,Reduced vitamin E transport efficiency,Medium,Increase Vitamin E,increase
VID042,ALPL,Alkaline Phosphatase,rs1256335,N018,45,Vitamin B6 metabolism,Metabolism,Altered pyridoxal phosphate metabolism,Medium,Increase Vitamin B6,increase
VID043,BTD,Biotinidase,rs13078881,N021,45,Biotin recycling,Recycling,Reduced biotin recycling efficiency,Medium,Increase Biotin,increase
VID044,SLC5A6,Sodium Dependent Multivitamin Transporter,rs1395,N022,45,Pantothenic acid transport,Transport,Reduced vitamin B5 transport efficiency,Medium,Increase Vitamin B5,increase
VID045,NAPRT,Nicotinate Phosphoribosyltransferase,rs7214723,N023,45,Niacin metabolism,Metabolism,Altered niacin utilization,Medium,Increase Vitamin B3,increase